total,species_a,species_b,n,m,potential_energy,potential_energy_per_atom,formation_energy_per_atom,strain_tension_per_a_atom,strain_compression_per_b_atom,interface_energy
2,Si,Ge,1,1,-84.29088450328095,-5.268180281455059,-0.0036459301234499364,0.017640717300271724,0.01376261851970284,-0.3095615685350026
3,Si,Ge,1,2,-123.10740350228835,-5.129475145928681,-0.001789697913059977,0.017640717300271724,0.01376261851970284,-0.4042803846308516
3,Si,Ge,2,1,-129.62861226206323,-5.401192177585968,0.0001910770616297223,0.017640717300272613,0.01376261851970284,-0.387766575482857
4,Si,Ge,1,3,-161.9079399861761,-5.059623124568003,-0.000362128210376067,0.017640717300271724,0.013762618519703432,-0.48301668560714006
4,Si,Ge,2,2,-168.46596591002788,-5.264561434688371,-2.7083356761714583e-05,0.017640717300272613,0.01376261851970284,-0.5033200405359821
4,Si,Ge,3,1,-174.95997879645128,-5.4674993373891025,0.002308368916489112,0.017640717300273206,0.01376261851970284,-0.45961035803654227
5,Si,Ge,1,4,-200.70219430554795,-5.017554857638698,0.0006514677241320043,0.017640717300271724,0.01376261851970284,-0.5554708220674911
5,Si,Ge,2,3,-207.28260598891865,-5.182065149722966,0.00035985961905034004,0.017640717300272613,0.013762618519703432,-0.5981599365152874
5,Si,Ge,3,2,-213.81100186370176,-5.345275046592544,0.0013686467286582627,0.017640717300273206,0.01376261851970284,-0.5888332423754719
5,Si,Ge,4,1,-220.28879398421435,-5.507219849605359,0.0036425276950293297,0.017640717300271724,0.01376261851970284,-0.5289027939651874
6,Si,Ge,1,5,-239.4928232041367,-4.989433816752848,0.0014027279467854943,0.017640717300271724,0.013762618519704261,-0.6242995377447755
6,Si,Ge,2,4,-246.0885231070991,-5.1268442313978975,0.00084121661772348,0.017640717300272613,0.01376261851970284,-0.6822768717842393
6,Si,Ge,3,3,-252.64045072049828,-5.2633427233437144,0.001191627987895257,0.017640717300273206,0.013762618519703432,-0.6964819162604954
6,Si,Ge,4,2,-259.1491715078884,-5.398941073081009,0.0024421815665890043,0.017640717300271724,0.01376261851970284,-0.6674801347276684
6,Si,Ge,5,1,-265.616304364344,-5.5336730075905,0.004559150373085963,0.017640717300272966,0.01376261851970284,-0.5968904222603442
7,Si,Ge,1,6,-278.281765257627,-4.969317236743339,0.001969464625438328,0.017640717300271724,0.013762618519703432,-0.6914414083236124
7,Si,Ge,2,5,-284.88825806927923,-5.087290322665701,0.0012954386882100266,0.017640717300272613,0.013762618519704261,-0.7602116510529413
7,Si,Ge,3,4,-291.457085267555,-5.204590808349196,0.0012940129898468505,0.017640717300273206,0.01376261851970284,-0.7913162804057379
7,Si,Ge,4,3,-297.9886512092011,-5.32122591445002,0.0019579668741557094,0.017640717300271724,0.013762618519703432,-0.7851596531289147
7,Si,Ge,5,2,-304.4833953077027,-5.437203487637548,0.0032794536717598737,0.017640717300272966,0.01376261851970284,-0.7421811827075544
7,Si,Ge,6,1,-310.94310294260055,-5.552555409689296,0.005226591605145714,0.01764071730027202,0.01376261851970284,-0.6641662486824771
8,Si,Ge,1,7,-317.06941452381756,-4.954209601934649,0.002414716935986938,0.017640717300271724,0.013762618519703349,-0.7572904916025891
8,Si,Ge,2,6,-323.6841055452572,-5.0575641491446435,0.0016968472129836876,0.017640717300272613,0.013762618519703432,-0.8342589441193695
8,Si,Ge,3,5,-330.265824693179,-5.160403510830922,0.0014941630136964257,0.017640717300273206,0.013762618519704261,-0.8782555231182982
8,Si,Ge,4,4,-336.81478449196874,-5.2627310076870115,0.0018033436445978879,0.017640717300271724,0.01376261851970284,-0.8894927529850634
8,Si,Ge,5,3,-343.331059220821,-5.364547800325328,0.002623228493272789,0.017640717300272966,0.013762618519703432,-0.8680449129143426
8,Si,Ge,6,2,-349.8154258549436,-5.465866028983494,0.003941677322097714,0.01764071730027202,0.01376261851970284,-0.8146889781140203
8,Si,Ge,7,1,-356.2693101755745,-5.566707971493352,0.005736412299231608,0.01764071730027236,0.01376261851970284,-0.7308507298220093
9,Si,Ge,1,8,-355.8560939349642,-4.942445749096724,0.0027744944975785935,0.017640717300271724,0.013762618519703729,-0.8221697198375182
9,Si,Ge,2,7,-362.4772590324208,-5.034406375450289,0.002046470354673128,0.017640717300272613,0.013762618519703349,-0.905612248371483
9,Si,Ge,3,6,-369.0694515940906,-5.125964605473481,0.0017208425421407646,0.017640717300273206,0.013762618519703432,-0.960082241118414
9,Si,Ge,4,5,-375.6316384557219,-5.217106089662804,0.001811960563476273,0.017640717300271724,0.013762618519704261,-0.9845465338267445
9,Si,Ge,5,4,-382.16492826503725,-5.307846225903295,0.0023044265336436987,0.017640717300272966,0.01376261851970284,-0.9801137742191486
9,Si,Ge,6,3,-388.66930222266143,-5.3981847530925195,0.0031985015550777263,0.01764071730027202,0.013762618519703432,-0.9467651629203147
9,Si,Ge,7,2,-395.14549527761943,-5.4881318788558255,0.004483978002431301,0.01764071730027236,0.01376261851970284,-0.8852356489554154
9,Si,Ge,8,1,-401.59529388619586,-5.5777124150860535,0.006136043982861494,0.017640717300271724,0.01376261851970284,-0.7973116886090565
10,Si,Ge,1,9,-394.64233400170417,-4.933029175021302,0.0030678083519354972,0.017640717300271724,0.013762618519704025,-0.8866096036658178
10,Si,Ge,2,8,-401.26880222805977,-5.0158600278507475,0.002346297512083595,0.017640717300272613,0.013762618519703729,-0.9753552610987413
10,Si,Ge,3,7,-407.8688464574144,-5.09836058071768,0.001955086634743708,0.017640717300273206,0.013762618519703349,-1.0376769215306467
10,Si,Ge,4,6,-414.44149471195885,-5.180518683899486,0.0019063254425308429,0.017640717300271724,0.013762618519703432,-1.0726026071522483
10,Si,Ge,5,5,-420.9882022606426,-5.262352528258033,0.0021818230735771494,0.017640717300272966,0.013762618519704261,-1.081587586913031
10,Si,Ge,6,4,-427.50953205677496,-5.343869150709687,0.0027745426115153293,0.01764071730027202,0.01376261851970284,-1.0651948141223784
10,Si,Ge,7,3,-434.00479040825013,-5.4250598801031265,0.00369315520766893,0.01764071730027236,0.013762618519703432,-1.0227305966745917
10,Si,Ge,8,2,-440.47538932120665,-5.505942366515083,0.004920010785304995,0.017640717300271724,0.01376261851970284,-0.9556069407083214
10,Si,Ge,9,1,-446.9209068923403,-5.586511336154254,0.006460383135726566,0.01764071730027202,0.01376261851970284,-0.8634019429190971
11,Si,Ge,1,10,-433.4279123698963,-4.925317186021549,0.0033153117162718422,0.017640717300271724,0.013762618519704261,-0.9503877889462728
11,Si,Ge,2,9,-440.0586026757536,-5.0006659394972,0.0026114145947957468,0.017640717300272613,0.013762618519704025,-1.0433555258808838
11,Si,Ge,3,8,-446.6652027249037,-5.075740940055724,0.002181270390447697,0.017640717300273206,0.013762618519703729,-1.1122330061082266
11,Si,Ge,4,7,-453.2480044534644,-5.150545505153004,0.0020215616473419377,0.017640717300271724,0.013762618519703349,-1.1573121657461911
11,Si,Ge,5,6,-459.8055844687251,-5.225063459871876,0.002148463282645578,0.017640717300272966,0.013762618519703432,-1.1771696120840147
11,Si,Ge,6,5,-466.34010388465776,-5.299319362325656,0.0025374171830408313,0.01764071730027202,0.013762618519704261,-1.1739664590937195
11,Si,Ge,7,4,-472.85113712382037,-5.373308376407049,0.003193259455823171,0.01764071730027236,0.01376261851970284,-1.1472771293333608
11,Si,Ge,8,3,-479.3375183184931,-5.44701725361924,0.0041292385978080855,0.017640717300271724,0.013762618519703432,-1.0959357550832465
11,Si,Ge,9,2,-485.80366497560334,-5.5204961929045835,0.005295155666639447,0.01764071730027202,0.01376261851970284,-1.024359843270588
11,Si,Ge,10,1,-492.24691562105653,-5.593714950239279,0.006721254686119787,0.01764071730027226,0.01376261851970284,-0.92988791980099
12,Si,Ge,1,11,-472.2132256335319,-4.918887767015957,0.0035243260256810536,0.017640717300271724,0.013762618519703163,-1.013900869670124
12,Si,Ge,2,10,-478.8472641831683,-4.987992335241336,0.00284420945829685,0.017640717300272613,0.013762618519704261,-1.1102168503838925
12,Si,Ge,3,9,-485.46043220416914,-5.056879502126762,0.002381494230865755,0.017640717300273206,0.013762618519704025,-1.1856623024619921
12,Si,Ge,4,8,-492.04944875355,-5.1255150911828125,0.0021703568328087877,0.017640717300271724,0.013762618519703729,-1.2369562829201186
12,Si,Ge,5,7,-498.61744186177395,-5.193931686060146,0.0021782136134695187,0.017640717300272966,0.013762618519703349,-1.267226822221346
12,Si,Ge,6,6,-505.16304492509727,-5.2621150513030965,0.002419300028512872,0.01764071730027202,0.013762618519703432,-1.2751073166216997
12,Si,Ge,7,5,-511.68558959617576,-5.3300582249601645,0.002900578029439771,0.01764071730027236,0.013762618519704261,-1.2599294187772898
12,Si,Ge,8,4,-518.1892338595762,-5.3978045193705855,0.003578735277011802,0.017640717300271724,0.01376261851970284,-1.2258511132549756
12,Si,Ge,9,3,-524.6701855214116,-5.465314432514703,0.004493273790887671,0.01764071730027202,0.013762618519703432,-1.1690802061673367
12,Si,Ge,10,2,-531.1307115244359,-5.532611578379541,0.005620579584044864,0.01764071730027226,0.01376261851970284,-1.0918836402688612
12,Si,Ge,11,1,-537.5723306943412,-5.599711778066054,0.006944831555526054,0.01764071730027245,0.01376261851970284,-0.995780241251282
13,Si,Ge,1,12,-510.9984007575291,-4.9134461611300875,0.0037025125532438733,0.017640717300271724,0.013762618519703432,-1.0772758107556228
13,Si,Ge,2,11,-517.6353476074906,-4.977262957764333,0.0030467482186853525,0.017640717300272613,0.013762618519703163,-1.1765000917944235
13,Si,Ge,3,10,-524.252023475884,-5.040884841114269,0.0025858971684366103,0.017640717300273206,0.013762618519704261,-1.2554533912651777
13,Si,Ge,4,9,-530.8492644502811,-5.104319850483472,0.0023119200989202026,0.017640717300271724,0.013762618519704025,-1.3149717967395418
13,Si,Ge,5,8,-537.4243399979646,-5.16754173074966,0.0022510721324194424,0.017640717300272966,0.013762618519703729,-1.3523247755002785
13,Si,Ge,6,7,-543.9788406082807,-5.230565775079622,0.0023880601021434044,0.01764071730027202,0.013762618519703349,-1.369102816893701
13,Si,Ge,7,6,-550.5137839430167,-5.293401768682854,0.002713098798599899,0.01764071730027236,0.013762618519703432,-1.366323582706741
13,Si,Ge,8,5,-557.0296668641209,-5.356054489078086,0.003221410703053843,0.017640717300271724,0.013762618519704261,-1.344483934888217
13,Si,Ge,9,4,-563.5239570850642,-5.418499587356387,0.0039373447244393294,0.01764071730027202,0.01376261851970284,-1.301051586908443
13,Si,Ge,10,3,-569.9983074047367,-5.480752955814776,0.004845008565737475,0.01764071730027226,0.013762618519703432,-1.2376793376581645
13,Si,Ge,11,2,-576.4582294979756,-5.542867591326688,0.005891405353512078,0.01764071730027245,0.01376261851970284,-1.1598788619742209
13,Si,Ge,12,1,-582.8976139860076,-5.604784749865458,0.007135279114429101,0.01764071730027202,0.01376261851970284,-1.0615407810834085
14,Si,Ge,1,13,-549.7827635412228,-4.908774674475204,0.003862496901007262,0.017640717300271724,0.013762618519703115,-1.139838411537653
14,Si,Ge,2,12,-556.4217243664107,-4.968051110414381,0.0032355909543966277,0.017640717300272613,0.013762618519703432,-1.2410766678027585
14,Si,Ge,3,11,-563.0414114097309,-5.027155459015455,0.0027807723458894073,0.017640717300273206,0.013762618519703163,-1.3230411422002817
14,Si,Ge,4,10,-569.6448273572345,-5.086114529975307,0.0024712313786027706,0.017640717300271724,0.013762618519704261,-1.3887345207812132
14,Si,Ge,5,9,-576.2274282528292,-5.144887752257404,0.0023475390890728776,0.017640717300272966,0.013762618519704025,-1.4336128474532188
14,Si,Ge,6,8,-582.7892376668046,-5.203475336310755,0.0024094850282873536,0.01764071730027202,0.013762618519703729,-1.457699692505912
14,Si,Ge,7,7,-589.333316574147,-5.26190461226917,0.0026297390624395894,0.01764071730027236,0.013762618519703349,-1.4640560309254624
14,Si,Ge,8,6,-595.8620879133767,-5.320197213512293,0.00298666781188344,0.017640717300271724,0.013762618519703432,-1.4551048012324372
14,Si,Ge,9,5,-602.3689716623901,-5.378294389842769,0.0035390214739732884,0.01764071730027202,0.013762618519704261,-1.4242659813228329
14,Si,Ge,10,4,-608.8594913136448,-5.436245458157543,0.004237483151766038,0.01764071730027226,0.01376261851970284,-1.3770630636546457
14,Si,Ge,11,3,-615.331393111646,-5.494030295639696,0.005102175662178838,0.01764071730027245,0.013762618519703432,-1.3112422927331409
14,Si,Ge,12,2,-621.7844220048999,-5.551646625043749,0.006135376250692508,0.01764071730027202,0.01376261851970284,-1.226548617064168
14,Si,Ge,13,1,-628.22275108313,-5.609131706099375,0.0072998251876323595,0.017640717300272748,0.01376261851970284,-1.1271551263714628
15,Si,Ge,1,14,-588.5668383360834,-4.904723652800695,0.004003549909344884,0.017640717300271724,0.013762618519703349,-1.2021130234866177
15,Si,Ge,2,13,-595.2080413177717,-4.960067010981431,0.0033997530550043584,0.017640717300272613,0.013762618519703115,-1.3055934362521384
15,Si,Ge,3,12,-601.8309892916483,-5.015258244097069,0.002948081265761952,0.017640717300273206,0.013762618519703432,-1.3908188412059417
15,Si,Ge,4,11,-608.4404178322059,-5.070336815268382,0.002609071420843634,0.017640717300271724,0.013762618519703163,-1.4625248128409112
15,Si,Ge,5,10,-615.0285447737194,-5.125237873114329,0.002447574901292645,0.017640717300272966,0.013762618519704261,-1.5129291854317444
15,Si,Ge,6,9,-621.6002475222651,-5.180002062685543,0.0024229466564738306,0.01764071730027202,0.013762618519704025,-1.5469093650547165
15,Si,Ge,7,8,-628.1533753510224,-5.23461146125852,0.0025531094098918553,0.01764071730027236,0.013762618519703729,-1.5623146248891544
15,Si,Ge,8,7,-634.6825690059194,-5.289021408382662,0.0028827236121453364,0.017640717300271724,0.013762618519703349,-1.553785710863508
15,Si,Ge,9,6,-641.2076560883288,-5.343397134069407,0.0032465592517953706,0.01764071730027202,0.013762618519703432,-1.5411502243500763
15,Si,Ge,10,5,-647.706287771019,-5.3975523980918245,0.0038308565557727547,0.01764071730027226,0.013762618519704261,-1.5020593381174194
15,Si,Ge,11,4,-654.18939678464,-5.451578306538667,0.004544509435325968,0.01764071730027245,0.01376261851970284,-1.4474457828156346
15,Si,Ge,12,3,-660.6607123775375,-5.505505936479479,0.005356440820908996,0.01764071730027202,0.013762618519703432,-1.3810388067903432
15,Si,Ge,13,2,-667.1103699284622,-5.559253082737185,0.006348855889598089,0.017640717300272748,0.01376261851970284,-1.2929737887922101
15,Si,Ge,14,1,-673.5477804576027,-5.6128981704800225,0.0074433294731566235,0.01764071730027033,0.01376261851970284,-1.1926617490096305
16,Si,Ge,1,15,-627.3507597104775,-4.901177810238106,0.004128169889034972,0.017640717300271724,0.013762618519702603,-1.2642342149695196
16,Si,Ge,2,14,-633.9936876871582,-4.953075685055923,0.0035486338147121543,0.017640717300272613,0.013762618519703349,-1.3694396227269863
16,Si,Ge,3,13,-640.6245647802018,-5.004879412345327,0.0030632452688053036,0.017640717300273206,0.013762618519703115,-1.4625941468477777
16,Si,Ge,4,12,-647.2327721365881,-5.0565060323170945,0.002754964040532659,0.017640717300271724,0.013762618519703432,-1.5330789343114475
16,Si,Ge,5,11,-653.8285397273978,-5.108035466620295,0.002543868480826994,0.017640717300272966,0.013762618519703163,-1.5911239561983166
16,Si,Ge,6,10,-660.3984603401811,-5.159362971407665,0.0025347024369533067,0.01764071730027202,0.013762618519704261,-1.6233220000590336
16,Si,Ge,7,9,-666.9572156502669,-5.21060324726771,0.002612765320403998,0.01764071730027236,0.013762618519704025,-1.644354741221946
16,Si,Ge,8,8,-673.5037977772109,-5.26174842013446,0.002785931197148983,0.017640717300271724,0.013762618519703729,-1.6532142992433592
16,Si,Ge,9,7,-680.0293081175598,-5.312728969668436,0.0031237204066685287,0.01764071730027202,0.013762618519703349,-1.6410020706696287
16,Si,Ge,10,6,-686.5479706933086,-5.363656021041473,0.0035150077771273214,0.01764071730027226,0.013762618519703432,-1.6219420774955324
16,Si,Ge,11,5,-693.0421418848144,-5.414391733475113,0.004097634086983604,0.01764071730027245,0.013762618519704261,-1.5783907000785575
16,Si,Ge,12,4,-699.5189567782182,-5.46499184982983,0.0048158564757616595,0.01764071730027202,0.01376261851970284,-1.5174830245595103
16,Si,Ge,13,3,-705.9841260988352,-5.51550098514715,0.005625059901937068,0.017640717300272748,0.013762618519703432,-1.4449297762537299
16,Si,Ge,14,2,-712.4355499769758,-5.565902734195124,0.006541649597459509,0.01764071730027033,0.01376261851970284,-1.358631085471302
16,Si,Ge,15,1,-718.8728174451165,-5.616193886289973,0.007568836246105604,0.01764071730026823,0.01376261851970284,-1.2581759846889327
17,Si,Ge,1,16,-666.1346527040475,-4.898048916941526,0.0042383373771733256,0.017640717300271724,0.01376261851970284,-1.3263270256283022
17,Si,Ge,2,15,-672.7781972985299,-4.946898509548014,0.003688357705740105,0.017640717300272613,0.013762618519702603,-1.43214905118748
17,Si,Ge,3,14,-679.4126866188744,-4.995681519256429,0.0032049609323792083,0.017640717300273206,0.013762618519703349,-1.5289158026089353
17,Si,Ge,4,13,-686.0229368620478,-5.044286300456234,0.0028997926676297804,0.017640717300271724,0.013762618519703115,-1.6014434768593446
17,Si,Ge,5,12,-692.6241948936638,-5.0928249624534105,0.002660743605507655,0.017640717300272966,0.013762618519703432,-1.6649789395526113
17,Si,Ge,6,11,-699.1978733938938,-5.141160833778631,0.002624485215341695,0.01764071730027202,0.013762618519703163,-1.7009348708598964
17,Si,Ge,7,10,-705.7669384587005,-5.189462782784562,0.0026221491444657122,0.01764071730027236,0.013762618519704261,-1.7322773667438014
17,Si,Ge,8,9,-712.3175081643429,-5.237628736502522,0.0027558083615605755,0.017640717300271724,0.013762618519704025,-1.7451245034636713
17,Si,Ge,9,8,-718.8538651535582,-5.285690184952634,0.002993972846502569,0.01764071730027202,0.013762618519703729,-1.7437589237563316
17,Si,Ge,10,7,-725.3742139605101,-5.333633926180221,0.003349844553969707,0.01764071730027226,0.013762618519703349,-1.726385161785629
17,Si,Ge,11,6,-731.8797222784909,-5.381468546165374,0.003814837503871741,0.01764071730027245,0.013762618519703432,-1.6941709108435816
17,Si,Ge,12,5,-738.3745707072718,-5.429224784612293,0.004358211992008123,0.01764071730027202,0.013762618519704261,-1.651296770701606
17,Si,Ge,13,4,-744.846810015977,-5.476814779529242,0.005067830010112573,0.017640717300272748,0.01376261851970284,-1.5858135104839448
17,Si,Ge,14,3,-751.3101104281074,-5.524339047265495,0.005843175208915158,0.01764071730027033,0.013762618519703432,-1.5113913536913515
17,Si,Ge,15,2,-757.7605962832346,-5.571769090317901,0.006712745091563519,0.01764071730026823,0.01376261851970284,-1.4241546398955052
17,Si,Ge,16,1,-764.1978533465809,-5.6191018628425065,0.007679585502012433,0.01764071730026817,0.01376261851970284,-1.3236891343188972
18,Si,Ge,1,17,-704.9185460694746,-4.895267681038018,0.004336261450955842,0.017640717300271724,0.013762618519703885,-1.3884202081441117
18,Si,Ge,2,16,-711.5622800743816,-4.941404722738762,0.0038155208555426473,0.017640717300272613,0.01376261851970284,-1.4944316441279852
18,Si,Ge,3,15,-718.201863037238,-4.987512937758598,0.0033236069410362587,0.017640717300273206,0.013762618519702603,-1.5962920380612786
18,Si,Ge,4,14,-724.8119833635952,-5.033416551136078,0.00303629466888427,0.017640717300271724,0.013762618519703349,-1.6686897954951974
18,Si,Ge,5,13,-731.4172360339389,-5.0792863613467985,0.002782785563493601,0.017640717300272966,0.013762618519703115,-1.7362198969160545
18,Si,Ge,6,12,-738.0064913004837,-5.125045078475582,0.0026403695400397786,0.01764071730027202,0.013762618519703432,-1.7877525945381194
18,Si,Ge,7,11,-744.5753826666428,-5.170662379629464,0.002639369491486971,0.01764071730027236,0.013762618519703163,-1.8189213917744382
18,Si,Ge,8,10,-751.1377735549659,-5.216234538576152,0.002683511650128404,0.017640717300271724,0.013762618519704261,-1.8435897111749
18,Si,Ge,9,9,-757.6808983950923,-5.261672905521475,0.002861445810135008,0.01764071730027202,0.013762618519704025,-1.8489919823787204
18,Si,Ge,10,8,-764.2071271145951,-5.3069939382958,0.0031567141411395186,0.01764071730027226,0.013762618519703729,-1.837498132958899
18,Si,Ge,11,7,-770.7218843650332,-5.352235308090509,0.0035316454517596205,0.01764071730027245,0.013762618519703349,-1.8145328144744326
18,Si,Ge,12,6,-777.2222031702987,-5.397376410904852,0.004006843742745403,0.01764071730027202,0.013762618519703432,-1.7771290508170523
18,Si,Ge,13,5,-783.7070163025171,-5.442409835434146,0.004589720318780305,0.017640717300272748,0.013762618519704261,-1.7242196141125987
18,Si,Ge,14,4,-790.1844949221123,-5.487392325848003,0.005223531010254511,0.01764071730027033,0.01376261851970284,-1.6639756647847435
18,Si,Ge,15,3,-796.6355121662103,-5.532191056709794,0.006041101253791956,0.01764071730026823,0.013762618519703432,-1.5772703399597958
18,Si,Ge,16,2,-803.0856334507123,-5.576983565629947,0.0068648934389686405,0.01764071730026817,0.01376261851970284,-1.4896690555387977
18,Si,Ge,17,1,-809.5228892913439,-5.621686731189888,0.00777802898435641,0.01764071730026561,0.01376261851970284,-1.3892023272470624
19,Si,Ge,1,18,-743.7024396914293,-4.892779208496245,0.004423876039816988,0.017640717300271724,0.013762618519704025,-1.450513647187563
19,Si,Ge,2,17,-750.3462088577393,-4.936488216169337,0.00393031151914233,0.017640717300272613,0.013762618519703885,-1.5565602445743707
19,Si,Ge,3,16,-756.9886960332533,-4.9801887896924555,0.003445181148441185,0.017640717300273206,0.01376261851970284,-1.6613248511653183
19,Si,Ge,4,15,-763.5989827888908,-5.023677518347966,0.0031718956453487047,0.017640717300271724,0.013762618519702603,-1.7338890378795213
19,Si,Ge,5,14,-770.2081494844286,-5.067158878187031,0.002905978958700554,0.017640717300272966,0.013762618519703349,-1.8053331644941863
19,Si,Ge,6,13,-776.8019538181991,-5.1105391698565725,0.002741130441575996,0.01764071730027202,0.013762618519703115,-1.861414929341663
19,Si,Ge,7,12,-783.3814986054342,-5.153825648719962,0.002670094730604352,0.01764071730027236,0.013762618519703432,-1.9032371476541812
19,Si,Ge,8,11,-789.9486077438388,-5.197030314104203,0.002680872498780667,0.017640717300271724,0.013762618519703163,-1.9326237171361527
19,Si,Ge,9,10,-796.4973439642719,-5.240114105028105,0.0028125247272963875,0.01764071730027202,0.013762618519704261,-1.9436373686465913
19,Si,Ge,10,9,-803.0340146163092,-5.28311851721256,0.0030235556952579587,0.01764071730027226,0.013762618519704025,-1.9425854517612606
19,Si,Ge,11,8,-809.5549702034116,-5.326019540811918,0.003337975248317243,0.01764071730027245,0.013762618519703729,-1.9258184699410776
19,Si,Ge,12,7,-816.0609860053049,-5.3688222763506905,0.0037506828619622993,0.01764071730027202,0.013762618519703349,-1.8941117029118004
19,Si,Ge,13,6,-822.5551018979003,-5.411546723012502,0.004241679352568035,0.017640717300272748,0.013762618519703432,-1.850505026584301
19,Si,Ge,14,5,-829.0363743245339,-5.454186673187723,0.004817172329764892,0.01764071730027033,0.013762618519704261,-1.7940548842948374
19,Si,Ge,15,4,-835.5028445263581,-5.496729240304988,0.0054900483649173056,0.01764071730026823,0.01376261851970284,-1.722802517195987
19,Si,Ge,16,3,-841.96065319899,-5.539214823677566,0.0062199081447559664,0.01764071730026817,0.013762618519703432,-1.6428886209050688
19,Si,Ge,17,2,-848.4106693720794,-5.581649140605785,0.007001034368953671,0.01764071730026561,0.01376261851970284,-1.5551822250711211
19,Si,Ge,18,1,-854.8479252490039,-5.623999508217131,0.007866109910025431,0.017640717300264126,0.01376261851970284,-1.4547155330724308
20,Si,Ge,1,19,-782.4863333150136,-4.8905395832188345,0.004502729159606389,0.017640717300271724,0.013762618519703401,-1.5126070878606015
20,Si,Ge,2,18,-789.1301040025777,-4.932063150016111,0.004033833357127747,0.017640717300272613,0.013762618519704025,-1.6186552065015576
20,Si,Ge,3,17,-795.7747662701953,-4.973592289188721,0.003559365179313545,0.017640717300273206,0.013762618519703885,-1.7255949051960897
20,Si,Ge,4,16,-802.387961696395,-5.014924760602469,0.003281564760361988,0.017640717300271724,0.01376261851970284,-1.801067762472485
20,Si,Ge,5,15,-808.997549394329,-5.056234683714556,0.003026312643071094,0.017640717300272966,0.013762618519702603,-1.8729328914832877
20,Si,Ge,6,14,-815.5947029278401,-5.097466893299001,0.0028487740534224315,0.01764071730027202,0.013762618519703349,-1.9323638560712197
20,Si,Ge,7,13,-822.1852855485179,-5.138658034678237,0.002712303668983651,0.01764071730027236,0.013762618519703115,-1.9852239078261391
20,Si,Ge,8,12,-828.7569437006517,-5.1797308981290735,0.0026941112129431843,0.017640717300271724,0.013762618519703432,-2.019159491037385
20,Si,Ge,9,11,-835.3139326767553,-5.22071207922972,0.002767601107092332,0.01764071730027202,0.013762618519703163,-2.038425898218179
20,Si,Ge,10,10,-841.8568798591954,-5.261605499119971,0.0029288522116384997,0.01764071730027226,0.013762618519704261,-2.043650511735791
20,Si,Ge,11,9,-848.3876658691947,-5.302422911682467,0.003166110643939035,0.01764071730027245,0.013762618519704025,-2.0367139528125335
20,Si,Ge,12,8,-854.9007491405534,-5.343129682128459,0.0035140111927432828,0.01764071730027202,0.013762618519703729,-2.0120746552486253
20,Si,Ge,13,7,-861.3955981440763,-5.383722488400477,0.003975875915521598,0.017640717300272748,0.013762618519703349,-1.969201089848866
20,Si,Ge,14,6,-867.8857943347481,-5.4242862145921755,0.004466820718620035,0.01764071730027033,0.013762618519703432,-1.921674711597575
20,Si,Ge,15,5,-874.3639791027879,-5.464774869392424,0.0050328369131676706,0.01764071730026823,0.013762618519704261,-1.8621369107142982
20,Si,Ge,16,4,-880.8283607786118,-5.505177254866323,0.0056851224340643824,0.01764071730026817,0.01376261851970284,-1.7887960176153683
20,Si,Ge,17,3,-887.2856870118795,-5.545535543824247,0.006381504470937304,0.01764071730026561,0.013762618519703432,-1.7083996819598042
20,Si,Ge,18,2,-893.735705315897,-5.585848158224357,0.007123561065624351,0.017640717300264126,0.01376261851970284,-1.620695417054094
20,Si,Ge,19,1,-900.1729612075635,-5.626081007547272,0.007945382737505734,0.017640717300263543,0.01376261851970284,-1.5202287397976306
21,Si,Ge,1,20,-821.2702269378736,-4.888513255582581,0.004574072462774768,0.017640717300271724,0.01376261851970284,-1.574700527809341
21,Si,Ge,2,19,-827.9139972461757,-4.9280595074177125,0.0041275072893547475,0.017640717300272613,0.013762618519703401,-1.680748267188278
21,Si,Ge,3,18,-834.5602470099695,-4.967620517916485,0.0036661834522925844,0.017640717300273206,0.013762618519704025,-1.789275462059095
21,Si,Ge,4,17,-841.1732869216349,-5.006983850724017,0.0034025373064707765,0.017640717300271724,0.013762618519703885,-1.864592804801191
21,Si,Ge,5,16,-847.7850619217847,-5.046339654296338,0.003146420395861496,0.017640717300272966,0.01376261851970284,-1.93864523602781
21,Si,Ge,6,15,-854.3852252684666,-5.08562634088373,0.0029594204701806704,0.01764071730027202,0.013762618519702603,-2.0010860137864483
21,Si,Ge,7,14,-860.9838530106358,-5.12490388696807,0.0027815610475509325,0.01764071730027236,0.013762618519703349,-2.061991187032504
21,Si,Ge,8,13,-867.5636867320244,-5.164069563881098,0.0027155707962346503,0.017640717300271724,0.013762618519703115,-2.104102339498354
21,Si,Ge,9,12,-874.124895994648,-5.203124380920523,0.002760440418519073,0.01764071730027202,0.013762618519703432,-2.1275890331992287
21,Si,Ge,10,11,-880.6753896121767,-5.242115414358194,0.002869093642559389,0.01764071730027226,0.013762618519703163,-2.1403600818052837
21,Si,Ge,11,10,-887.2103292699709,-5.281013864702207,0.003070329960257552,0.01764071730027245,0.013762618519704261,-2.137577170676991
21,Si,Ge,12,9,-893.7359892762939,-5.319857079025559,0.0033268022986167097,0.01764071730027202,0.013762618519704025,-2.125514608077424
21,Si,Ge,13,8,-900.2445114146932,-5.358598282230316,0.003685285755569875,0.017640717300272748,0.013762618519703729,-2.0963141775540635
21,Si,Ge,14,7,-906.7276883480242,-5.3971886211191915,0.004194633528405978,0.01764071730027033,0.013762618519703349,-2.0417685419622558
21,Si,Ge,15,6,-913.214623095992,-5.435801327952333,0.004681613356975251,0.01764071730026823,0.013762618519703432,-1.990980721006963
21,Si,Ge,16,5,-919.6905366147759,-5.4743484322308085,0.005234195740210826,0.01764071730026817,0.013762618519704261,-1.9291716708679587
21,Si,Ge,17,4,-926.1535482479878,-5.512818739571356,0.005863575061373995,0.01764071730026561,0.01376261851970284,-1.8544607351566356
21,Si,Ge,18,3,-932.6107240552585,-5.551254309852729,0.006527691441711593,0.017640717300264126,0.013762618519703432,-1.7739139735041363
21,Si,Ge,19,2,-939.0607412731954,-5.589647269483306,0.00723441847284637,0.017640717300263543,0.01376261851970284,-1.686208622518052
21,Si,Ge,20,1,-945.4979971661324,-5.627964268846027,0.008017105771836511,0.01764071730026231,0.01376261851970284,-1.5857419465319254
22,Si,Ge,1,21,-860.054120560706,-4.886671139549466,0.004638930011266625,0.017640717300271724,0.01376261851970301,-1.6367939677304548
22,Si,Ge,2,20,-866.6978908461117,-4.924419834352907,0.004212663384912865,0.017640717300272613,0.01376261851970284,-1.7428416842129764
22,Si,Ge,3,19,-873.3453483553782,-4.962189479291921,0.003765446622986572,0.017640717300273206,0.013762618519703401,-1.852576624556491
22,Si,Ge,4,18,-879.957953748295,-4.999761100842585,0.0035162532494103452,0.017640717300271724,0.013762618519704025,-1.927459448550053
22,Si,Ge,5,17,-886.5712289828325,-5.037336528311548,0.003263253957534573,0.017640717300272966,0.013762618519703885,-2.003012114164335
22,Si,Ge,6,16,-893.1740156609001,-5.0748523617096595,0.0030698487365118476,0.01764071730027202,0.01376261851970284,-2.068076223308708
22,Si,Ge,7,15,-899.7844843664362,-5.112411842991115,0.0028327956321441343,0.01764071730027236,0.013762618519702603,-2.1408223599216853
22,Si,Ge,8,14,-906.3653912345217,-5.149803359287055,0.0027637075132912773,0.017640717300271724,0.013762618519703349,-2.184006659084048
22,Si,Ge,9,13,-912.933951026893,-5.187124721743711,0.0027647732337234224,0.01764071730027202,0.013762618519703115,-2.2148438825324774
22,Si,Ge,10,12,-919.4890987814811,-5.224369879440233,0.0028420437142884225,0.01764071730027226,0.013762618519703432,-2.2322690681979793
22,Si,Ge,11,11,-926.0317967424303,-5.2615442996729,0.0029900516587101256,0.01764071730027245,0.013762618519703163,-2.237244460224588
22,Si,Ge,12,10,-932.5632726844215,-5.298654958434213,0.003201821074484392,0.01764071730027202,0.013762618519704261,-2.2309978332932587
22,Si,Ge,13,9,-939.0796480479046,-5.335679818454003,0.003499389231781371,0.017640717300272748,0.013762618519704025,-2.2096506278537618
22,Si,Ge,14,8,-945.5832962604376,-5.3726323651161225,0.0038692707467501723,0.01764071730027033,0.013762618519703729,-2.1755762714639104
22,Si,Ge,15,7,-952.0576194177404,-5.409418292146253,0.004405771893707954,0.01764071730026823,0.013762618519703349,-2.112176859843885
22,Si,Ge,16,6,-958.5419479838987,-5.446261068090333,0.004885424126714322,0.01764071730026817,0.013762618519703432,-2.0587828570792226
22,Si,Ge,17,5,-965.0162983245417,-5.483047149571259,0.00542177082287571,0.01764071730026561,0.013762618519704261,-1.9954106287990498
22,Si,Ge,18,4,-971.4786030804719,-5.519764790229954,0.006026558341268962,0.017640717300264126,0.01376261851970284,-1.9199928158059265
22,Si,Ge,19,3,-977.9357600060885,-5.556453181852775,0.0066605948955356905,0.017640717300263543,0.013762618519703432,-1.8394271724996543
22,Si,Ge,20,2,-984.3857772317267,-5.593101006998447,0.007335197926951345,0.01764071730026231,0.01376261851970284,-1.7517218292147163
22,Si,Ge,21,1,-990.823033124698,-5.629676324572148,0.008082308530338412,0.01764071730026187,0.01376261851970284,-1.6512551532630368
23,Si,Ge,1,22,-898.8380141835396,-4.884989207519237,0.004698147772926305,0.017640717300271724,0.013762618519703163,-1.698887407652819
23,Si,Ge,2,21,-905.4817844703473,-4.921096654730149,0.004290414470533654,0.017640717300272613,0.01376261851970301,-1.8049351255373267
23,Si,Ge,3,20,-912.130280193747,-4.957229783661669,0.003856999447532787,0.017640717300273206,0.01376261851970284,-1.9157082800138596
23,Si,Ge,4,19,-918.7420967107956,-4.993163569080411,0.0036229279373083787,0.017640717300271724,0.013762618519703401,-1.9898022281394105
23,Si,Ge,5,18,-925.356491522783,-5.029111366971647,0.00337484395459134,0.017640717300272966,0.013762618519704025,-2.0664744712036054
23,Si,Ge,6,17,-931.9610105880352,-5.065005492326278,0.003180432508478905,0.01764071730027202,0.013762618519703885,-2.133270967532553
23,Si,Ge,7,16,-938.5808813333063,-5.100983050724491,0.0029025880187851312,0.01764071730027236,0.01376261851970284,-2.2154191438804673
23,Si,Ge,8,15,-945.1685269221404,-5.136785472402937,0.002799880248857626,0.017640717300271724,0.013762618519702603,-2.2653421637915017
23,Si,Ge,9,14,-951.7409773306592,-5.17250531157967,0.0027797549806427182,0.01764071730027202,0.013762618519703349,-2.300070003387191
23,Si,Ge,10,13,-958.300325552679,-5.208153943221082,0.0028308372477496846,0.01764071730027226,0.013762618519703115,-2.3216956564841666
23,Si,Ge,11,12,-964.8495977486701,-5.243747813851468,0.0029366805258821114,0.01764071730027245,0.013762618519703432,-2.333245283552742
23,Si,Ge,12,11,-971.3853601991482,-5.279268261951892,0.0031159463339763683,0.01764071730027202,0.013762618519703163,-2.33128516510817
23,Si,Ge,13,10,-977.9120257338476,-5.31473927029265,0.003344651901737388,0.017640717300272748,0.013762618519704261,-2.3202281308850843
23,Si,Ge,14,9,-984.4240330595434,-5.35013061445404,0.0036530216488663354,0.01764071730027033,0.013762618519704025,-2.2945128876580156
23,Si,Ge,15,8,-990.9244441496934,-5.3854589355961595,0.004024414415265137,0.01764071730026823,0.013762618519703729,-2.25720140888518
23,Si,Ge,16,7,-997.3857632855844,-5.420574800465133,0.0046082634548106375,0.01764071730026817,0.013762618519703349,-2.180797975853352
23,Si,Ge,17,6,-1003.874049233375,-5.455837224094429,0.005045553734032544,0.01764071730026561,0.013762618519703432,-2.1313613547207524
23,Si,Ge,18,5,-1010.3415980614709,-5.490986945986255,0.005595545750725498,0.017640717300264126,0.013762618519704261,-2.0611876138934804
23,Si,Ge,19,4,-1016.8036343678962,-5.526106708521175,0.006175497124324636,0.017640717300263543,0.01376261851970284,-1.9855013513958966
23,Si,Ge,20,3,-1023.2607959535119,-5.561199978008217,0.006781941545801164,0.01764071730026231,0.013762618519703432,-1.9049403680884325
23,Si,Ge,21,2,-1029.7108131902946,-5.596254419512471,0.0074272139500656306,0.01764071730026187,0.01376261851970284,-1.8172350359482152
23,Si,Ge,22,1,-1036.1480690832627,-5.631239505887297,0.008141841483758135,0.01764071730026147,0.01376261851970284,-1.7167683599932388
24,Si,Ge,1,23,-937.6219078063733,-4.883447436491528,0.004752430721114346,0.017640717300271724,0.013762618519702686,-1.760980847575297
24,Si,Ge,2,22,-944.2656780932875,-4.918050406735873,0.004361686305765981,0.017640717300272613,0.013762618519703163,-1.8670285655663292
24,Si,Ge,3,21,-950.9147581165433,-4.952681031856996,0.0039432870136397,0.017640717300273206,0.01376261851970301,-1.9783860198989487
24,Si,Ge,4,20,-957.5260457847941,-4.987114821795802,0.003721722903830956,0.017640717300271724,0.01376261851970284,-2.051951119226601
24,Si,Ge,5,19,-964.1411301901866,-5.021568386407222,0.0034803841214081643,0.017640717300272966,0.013762618519703401,-2.129312955695923
24,Si,Ge,6,18,-970.74686802492,-5.055973270963125,0.0032877253945020612,0.01764071730027202,0.013762618519704025,-2.1973282215061545
24,Si,Ge,7,17,-977.375604499482,-5.090497940101469,0.00297528208515511,0.01764071730027236,0.013762618519703885,-2.288342127145029
24,Si,Ge,8,16,-983.969940490936,-5.124843440056958,0.002842007958662999,0.017640717300271724,0.01376261851970284,-2.3449555496758876
24,Si,Ge,9,15,-990.5463858084943,-5.159095759419241,0.002801914425377324,0.01764071730027202,0.013762618519702603,-2.383678298310997
24,Si,Ge,10,14,-997.1096787620511,-5.193279576885683,0.0028303227879321233,0.01764071730027226,0.013762618519703349,-2.4092486829447353
24,Si,Ge,11,13,-1003.6635436499546,-5.227414289843513,0.002907835659099097,0.01764071730027245,0.013762618519703115,-2.425391001925391
24,Si,Ge,12,12,-1010.2060179329337,-5.26148967673403,0.003044674597579622,0.01764071730027202,0.013762618519703432,-2.430142715982015
24,Si,Ge,13,11,-1016.738107786323,-5.295510978053765,0.003235599106840681,0.017640717300272748,0.013762618519703163,-2.424510000448663
24,Si,Ge,14,10,-1023.2587780238882,-5.329472802207751,0.003486000781852757,0.01764071730027033,0.013762618519704261,-2.4074576690911726
24,Si,Ge,15,9,-1029.766935841743,-5.363369457509077,0.0038015713095231143,0.01764071730026823,0.013762618519704025,-2.377892918023008
24,Si,Ge,16,8,-1036.2642850468676,-5.397209817952436,0.004173436695162162,0.01764071730026817,0.013762618519703729,-2.337519554224855
24,Si,Ge,17,7,-1042.7127586506322,-5.430795617972042,0.004799862504551851,0.01764071730026561,0.013762618519703349,-2.248270589066351
24,Si,Ge,18,6,-1049.2001980126918,-5.464584364649436,0.005223341656155049,0.017640717300264126,0.013762618519703432,-2.197987382202882
24,Si,Ge,19,5,-1055.6667073880303,-5.498264100979324,0.005755831155264346,0.017640717300263543,0.013762618519704261,-2.126774188618583
24,Si,Ge,20,4,-1062.1286705122416,-5.5319201589179245,0.006311999045660895,0.01764071730026231,0.01376261851970284,-2.051014743906535
24,Si,Ge,21,3,-1068.5858319109159,-5.565551207869354,0.00689317592322906,0.01764071730026187,0.013762618519703432,-1.9704535736580056
24,Si,Ge,22,2,-1075.03584914886,-5.599145047650313,0.007511561971267344,0.01764071730026147,0.01376261851970284,-1.8827482426790993
24,Si,Ge,23,1,-1081.4731050418281,-5.632672422092855,0.008196413357722069,0.017640717300260487,0.01376261851970284,-1.782281566724123
25,Si,Ge,1,24,-976.4058014292071,-4.882029007146036,0.0048023710334462065,0.017640717300271724,0.013762618519702249,-1.823074287497775
25,Si,Ge,2,23,-983.0495717161205,-4.915247858580602,0.004427256394716892,0.017640717300272613,0.013762618519702686,-1.9291220054880114
25,Si,Ge,3,22,-989.6990079220524,-4.948495039610262,0.004023812160894522,0.017640717300273206,0.013762618519703163,-2.040835642496745
25,Si,Ge,4,21,-996.3099441747654,-4.981549720873827,0.003812867693166595,0.017640717300271724,0.01376261851970301,-2.114049326286704
25,Si,Ge,5,20,-1002.9253221744386,-5.0146266108721935,0.0035797144906376845,0.017640717300272966,0.01376261851970284,-2.191704757036632
25,Si,Ge,6,19,-1009.5320016968361,-5.047660008484181,0.0033900536744869213,0.01764071730027202,0.013762618519703401,-2.2606617105110445
25,Si,Ge,7,18,-1016.1688963393184,-5.080844481696592,0.0030493172579133445,0.01764071730027236,0.013762618519704025,-2.3598337840701333
25,Si,Ge,8,17,-1022.767597051819,-5.113837985259095,0.002899550491246714,0.017640717300271724,0.013762618519703885,-2.420811927647719
25,Si,Ge,9,16,-1029.3501773885648,-5.146750886942824,0.0028303856033551258,0.01764071730027202,0.01376261851970284,-2.4656696954702966
25,Si,Ge,10,15,-1035.9171010592447,-5.179585505296224,0.0028395040457928644,0.01764071730027226,0.013762618519702603,-2.4948707972271222
25,Si,Ge,11,14,-1042.4751300217513,-5.212375650108757,0.0028930960290972506,0.01764071730027245,0.013762618519703349,-2.5151771908106184
25,Si,Ge,12,13,-1049.023695894031,-5.245118479470156,0.002994003463535364,0.01764071730027202,0.013762618519703115,-2.5260204941675966
25,Si,Ge,13,12,-1055.56105350021,-5.27780526750105,0.003150952228478161,0.017640717300272748,0.013762618519703432,-2.5256555314238085
25,Si,Ge,14,11,-1062.087344500449,-5.310436722502245,0.003363234023120185,0.01764071730027033,0.013762618519703163,-2.5142239627402887
25,Si,Ge,15,10,-1068.6038041430909,-5.343019020715454,0.0036246726057481736,0.01764071730026823,0.013762618519704261,-2.492961036459292
25,Si,Ge,16,9,-1075.1082762669241,-5.375541381334621,0.003946048782418927,0.01764071730026817,0.013762618519704025,-2.459710591369685
25,Si,Ge,17,8,-1081.5999751078602,-5.407999875539301,0.004331291373575254,0.01764071730026561,0.013762618519703729,-2.413686863382736
25,Si,Ge,18,7,-1088.0389524726759,-5.4401947623633795,0.004980141345334061,0.017640717300264126,0.013762618519703349,-2.3149416592755188
25,Si,Ge,19,6,-1094.5257718992052,-5.472628859496026,0.005389781008525035,0.017640717300263543,0.013762618519703432,-2.2640385168820103
25,Si,Ge,20,5,-1100.9917275643688,-5.5049586378218445,0.0059037394785440254,0.01764071730026231,0.013762618519704261,-2.1922716131223297
25,Si,Ge,21,4,-1107.4537064607466,-5.537268532303733,0.006437581792492039,0.01764071730026187,0.01376261851970284,-2.116527940577271
25,Si,Ge,22,3,-1113.9108678694358,-5.569554339347179,0.006995511544883541,0.01764071730026147,0.013762618519703432,-2.035966780343415
25,Si,Ge,23,2,-1120.3608851074252,-5.601804425537126,0.00758916215077349,0.017640717300260487,0.01376261851970284,-1.9482614494095287
25,Si,Ge,24,1,-1126.7981410003936,-5.633990705001968,0.008246619481768889,0.017640717300258995,0.01376261851970284,-1.847794773455007
